Communiy District,Borough,Address,Cross Streets
101,MANHATTAN,South St. Pier 36,Montgomery & Jefferson St.
102,MANHATTAN,2 Bloomfield St.,West St. & Hudson River
103,MANHATTAN,South St. Pier 36,Montgomery & Jefferson St.
104,MANHATTAN,650 West 57th St.,11th & 12th Ave.
105,MANHATTAN,2 Bloomfield St.,West St. & Hudson River
106,MANHATTAN,606 West 30th St.,11th & 12th Ave.
107,MANHATTAN,650 West 57th Street,11th & 12th Ave.
108,MANHATTAN,4036 9 Ave.,9 Ave & 216 St.
109,MANHATTAN,125 East 149th St.,Bronx Gerard Ave. & Walton Ave.
110,MANHATTAN,110 East 131st St.,Lexington & Park Ave.
111,MANHATTAN,343 East 99th St.,1st & 2nd Ave.
112,MANHATTAN,301 West 215th St.,9th Ave. & Harlem River
201,BRONX,680 East 132nd St.,Willow Ave. & Bruckner Expressway
202,BRONX,650 Casanova St.,Randall & Spofford Ave.
203,BRONX,680 East 132nd St.,Willow Ave. & Bruckner Expressway
204,BRONX,720 East 132nd St.,Willow Ave. & Bruckner Expressway
205,BRONX,1331 Cromwell Ave.,West 168th & West 169th St.
206,BRONX,800 East 176th St.,Prospect & Marmion Ave.
207,BRONX,423 West 215th St.,9th & 10th Ave.
208,BRONX,423 West 215th St.,9th & 10th Ave.
209,BRONX,850 Zerega Ave.,Hermany & Lafayette Ave.
210,BRONX,850 Zerega Ave.,Hermany & Lafayette Ave.
211,BRONX,800 Zerega Ave.,Hermany & Lafayette Ave.
212,BRONX,1635 East 233rd St.,Provost Ave. & East 233rd St.
301,BROOKLYN,161 Varick Ave.,Scholes and Stagg St.
302,BROOKLYN,465 Hamilton Ave.,2nd Ave. & 14th St.
303,BROOKLYN,525 Johnson Ave.,Varick Ave. & Stewart Ave.
304,BROOKLYN,161 Varick Ave.,Scholes and Stagg St.
305,BROOKLYN,606 Milford St.,Cozine & Flatlands Ave.
306,BROOKLYN,127 2nd Ave.,11th & 12th St.
307,BROOKLYN,5100 1st Ave.,51st & 52nd St.
308,BROOKLYN,1755 Atlantic Ave.,Atlantic & Schenectady Ave.
309,BROOKLYN,690 New York Ave.,Winthrop St. & Parkside Ave.
310,BROOKLYN,5100 1st Ave.,51st & 52nd St.
311,BROOKLYN,1824 Shore Pkwy.,Bay 41st St. & 26th Ave.
312,BROOKLYN,5602 19th Ave.,55th & 58th St.
313,BROOKLYN,2012 Neptune Ave.,West 20th & 21st St.
314,BROOKLYN,1397 Ralph Ave.,Chase Ct. & Ditmas Ave.
315,BROOKLYN,2501 Knapp Street,Ave. Z & Voorhies Ave
315,BROOKLYN,1750 East 49th Street,Ave. N & East 49th Street
316,BROOKLYN,922 Georgia Ave.,Wortman & Cozine Ave.
317,BROOKLYN,105-02 Ave. D,105th & Bank St.
318,BROOKLYN,105-01 Foster Ave.,Ave. D & Foster Ave.
401,QUEENS,34-28 21st St.,34th & 35th Ave.
402,QUEENS,52-35 58th St.,53rd Ave. East of 58th St.
403,QUEENS,52-35 58th St.,53rd Ave. East of 58th St.
404,QUEENS,52-35 58th St.,53rd Ave. East of 58th St.
405,QUEENS,48-01 58th Rd.,Maspeth Ave. & 47th St.
406,QUEENS,58-73 53rd Ave.,53rd Ave. East of 58th St.
407,QUEENS,120-15 31st Ave.,College Point Blvd. & 122nd St.
408,QUEENS,130-23 150th Ave.,130th & 131st St.
409,QUEENS,132-05 Atlantic Ave.,Van Wyck Expy. & 132nd St.
410,QUEENS,130-23 150th Ave.,130th & 131st St.
411,QUEENS,75-5 Winchester Blvd.,Grand Central Pkwy. & Union Turnpike
412,QUEENS,130-23 150th Ave.,130th & 131st St.
413,QUEENS,153-67 146th Ave.,153rd La. & 153rd Ct.
414,QUEENS,51-10 Almeda Avenue,Almeda & Barbadoes Dr.
501,STATEN ISLAND,539 Jersey St.,Victory Blvd. & Brook St.
502,STATEN ISLAND,2500 Richmond Ave.,Opposite from SI Mall
503,STATEN ISLAND,1000 West Service Rd.,Arthur Kill Rd. / West Shore Expy.